id,puntaje,gpa,edad,asistencia,genero,estrato
1,55.74,2.22,16,80.9,Masculino,2
2,52.29,2.11,16,82.9,Femenino,5
3,51.16,2.19,17,83.3,Femenino,1
4,60.41,2.1,19,84.7,Masculino,4
5,59.23,2.47,16,87.0,No binario,1
6,38.46,1.68,22,88.3,Femenino,2
7,69.08,3.06,16,64.4,Femenino,3
8,43.73,1.93,22,73.8,Femenino,4
9,59.63,2.48,17,74.8,Femenino,3
10,66.47,2.95,24,70.3,Femenino,2
11,47.48,1.98,24,89.3,Masculino,1
12,78.87,2.9,17,79.7,Masculino,4
13,62.62,2.7,17,83.1,Femenino,1
14,37.22,1.55,17,91.7,Masculino,1
15,35.61,1.62,16,82.4,Femenino,4
16,40.95,1.88,22,62.6,Femenino,3
17,35.74,1.71,16,71.1,No binario,2
18,53.66,2.27,16,68.6,Masculino,1
19,54.49,2.03,16,68.6,Masculino,3
20,67.3,2.62,24,66.5,Femenino,5
21,46.61,2.39,22,63.4,Femenino,3
22,62.77,2.3,19,71.7,Femenino,2
23,84.94,3.57,23,54.8,Femenino,5
24,58.66,2.47,17,64.5,Masculino,3
25,31.65,1.27,19,84.3,Femenino,2
26,58.56,2.51,22,64.8,Femenino,3
27,68.25,2.91,20,81.2,Masculino,4
28,73.2,3.03,18,71.2,Femenino,4
29,48.4,1.86,16,66.6,Femenino,3
30,37.87,1.61,18,79.0,Femenino,1
31,53.82,2.27,24,65.5,Femenino,3
32,48.69,2.12,17,57.5,Femenino,1
33,69.4,2.54,24,88.0,Masculino,3
34,42.51,1.65,16,74.8,Femenino,1
35,57.65,2.23,19,77.9,Masculino,3
36,50.55,1.87,22,91.6,Masculino,2
37,66.15,2.6,21,78.1,Femenino,2
38,54.11,2.09,24,70.7,Masculino,3
39,59.85,2.66,16,53.1,Masculino,3
40,44.89,1.89,24,66.9,Femenino,1
41,56.55,2.42,21,51.9,Femenino,3
42,68.99,2.78,23,65.5,Femenino,5
43,24.13,1.1,19,74.5,Masculino,1
44,48.74,2.08,24,72.0,Masculino,2
45,45.16,1.99,23,71.5,Femenino,3
46,37.82,1.69,17,63.9,Masculino,1
47,58.87,2.33,23,68.4,Femenino,4
48,61.74,2.16,18,78.0,Masculino,5
49,60.91,2.52,17,58.4,Femenino,2
50,73.33,3.04,23,68.4,Femenino,3
51,42.8,1.41,22,73.1,Masculino,3
52,53.07,2.24,17,66.4,Femenino,4
53,60.27,2.33,24,66.7,Femenino,3
54,52.32,2.1,20,83.2,Femenino,2
55,67.42,2.61,17,67.1,Femenino,1
56,44.16,1.74,21,68.9,Masculino,3
57,65.98,2.79,16,83.1,Femenino,5
58,39.69,1.93,20,83.6,Femenino,2
59,71.72,3.02,19,70.3,Femenino,5
60,65.51,2.59,19,65.6,Masculino,2
61,55.72,1.66,19,68.9,Masculino,3
62,50.14,1.94,23,73.1,Femenino,1
63,29.43,1.1,19,75.9,Femenino,3
64,39.34,1.51,24,85.5,Masculino,1
65,44.75,1.57,16,67.5,Femenino,2
66,12.89,0.35,16,60.1,Femenino,2
67,53.36,2.35,16,83.8,Masculino,5
68,52.27,2.25,21,85.1,Masculino,3
69,61.0,2.43,21,73.2,Femenino,2
70,35.09,1.57,20,78.0,Femenino,2
71,73.06,2.84,23,76.0,Femenino,6
72,51.2,2.34,19,74.9,Femenino,2
73,67.69,2.58,22,85.7,Femenino,2
74,68.29,2.66,17,77.9,Femenino,2
75,82.3,3.43,18,75.2,Masculino,6
76,56.68,2.19,21,63.8,Femenino,2
77,49.9,1.99,18,73.7,Masculino,3
78,63.08,2.35,19,80.4,Femenino,1
79,46.76,2.12,24,68.9,Masculino,1
80,47.25,1.84,16,69.0,Femenino,2
81,45.69,1.82,20,68.2,Masculino,2
82,60.0,2.15,19,73.7,Femenino,5
83,54.78,2.42,20,51.2,Femenino,1
84,60.82,2.13,20,73.3,Masculino,1
85,52.08,2.47,17,78.9,Femenino,4
86,59.49,2.41,21,61.4,Femenino,2
87,39.8,1.11,24,86.5,Femenino,5
88,47.46,1.99,21,72.2,Masculino,2
89,64.36,2.18,23,97.9,Femenino,2
90,50.34,2.2,19,98.1,Femenino,3
91,48.05,2.25,19,66.5,Femenino,3
92,42.96,1.51,21,77.0,Femenino,2
93,46.44,1.69,18,89.1,Masculino,3
94,38.73,1.56,22,68.5,Femenino,2
95,29.39,1.32,21,75.6,Masculino,3
96,45.85,2.0,21,77.3,Femenino,2
97,46.74,1.67,17,62.6,Masculino,4
98,27.24,0.95,19,75.2,Masculino,1
99,58.41,1.87,24,74.7,Femenino,3
100,42.49,1.51,16,83.9,Masculino,3
101,77.63,3.02,19,86.6,Femenino,4
102,30.91,1.32,16,83.0,Femenino,3
103,55.39,2.37,18,70.8,Femenino,3
104,66.34,2.78,24,62.8,Femenino,1
105,63.15,2.44,23,75.0,Masculino,2
106,38.3,1.35,21,72.5,Masculino,5
107,56.62,2.14,17,88.0,Femenino,3
108,54.5,2.09,16,73.8,Masculino,2
109,65.67,2.84,19,90.0,Femenino,4
110,58.51,2.47,22,83.9,Masculino,5
111,55.76,2.55,17,84.2,Femenino,2
112,69.14,2.95,19,75.7,Femenino,2
113,46.99,1.71,16,58.5,Masculino,2
114,59.31,2.16,16,78.7,Femenino,2
115,39.21,1.67,20,81.2,Masculino,4
116,48.55,1.89,16,71.3,Masculino,3
117,44.67,2.13,24,79.0,Masculino,2
118,70.31,2.86,19,86.9,Masculino,2
119,78.84,3.33,17,69.2,Masculino,4
120,34.46,1.45,20,65.4,Femenino,1
121,58.97,2.18,24,79.7,Masculino,4
122,47.04,1.77,24,83.0,Masculino,2
123,56.08,2.3,24,68.8,Masculino,2
124,39.95,1.16,17,100.0,Femenino,1
125,62.67,2.24,20,61.8,Femenino,5
126,57.29,2.58,22,67.9,Masculino,4
127,61.4,2.54,24,75.5,Masculino,2
128,29.42,0.79,16,80.7,Femenino,2
129,62.95,2.74,21,60.2,Femenino,1
130,49.06,1.4,19,90.7,Femenino,3
131,35.26,1.72,19,73.8,Femenino,2
132,60.68,2.76,23,77.6,Masculino,3
133,45.92,2.17,17,83.8,Femenino,2
134,74.07,3.12,24,80.0,Femenino,3
135,47.29,2.03,22,88.5,Femenino,5
136,58.45,2.16,19,84.4,Femenino,5
137,68.52,2.87,18,58.2,Masculino,4
138,51.0,1.9,24,62.5,Masculino,4
139,46.76,1.79,24,69.0,Femenino,3
140,78.44,2.84,22,74.1,Femenino,4
141,54.51,2.49,24,80.0,Femenino,3
142,55.69,2.16,18,62.0,Femenino,4
143,47.0,1.48,23,85.2,Femenino,3
144,41.14,1.49,17,85.5,Femenino,1
145,49.25,1.81,23,82.5,Masculino,3
146,51.28,2.05,22,61.6,Masculino,3
147,52.64,2.15,20,74.4,Femenino,4
148,39.96,1.36,23,63.9,Masculino,1
149,62.89,2.76,24,62.4,Femenino,2
150,34.18,1.51,21,83.5,Masculino,2
151,26.98,0.94,18,70.1,Femenino,3
152,63.73,2.49,24,90.9,Femenino,5
153,60.01,2.49,18,78.2,Femenino,5
154,37.88,1.61,24,70.4,Masculino,2
155,34.89,1.33,23,79.9,Masculino,2
156,68.88,2.7,22,63.7,Masculino,5
157,68.04,2.33,18,68.8,Masculino,5
158,43.29,1.77,19,69.8,Masculino,2
159,46.44,1.48,17,77.4,No binario,1
160,58.51,2.53,17,62.6,Masculino,3
161,33.16,1.26,23,74.2,Masculino,1
162,50.31,1.89,23,83.8,Masculino,1
163,70.65,3.19,18,79.8,Femenino,4
164,51.31,1.63,17,77.5,Femenino,1
165,62.83,2.31,16,68.1,Masculino,3
166,66.22,2.79,16,72.0,Femenino,3
167,53.85,2.26,16,75.9,Femenino,2
168,42.35,1.87,18,80.3,Femenino,1
169,58.04,2.41,16,88.8,Masculino,3
170,52.98,2.25,24,69.7,Masculino,1
171,48.99,1.78,22,61.5,Masculino,3
172,62.39,2.17,20,50.7,Masculino,6
173,55.06,1.86,19,85.0,Masculino,6
174,67.28,2.69,16,83.1,Femenino,3
175,38.56,1.52,23,73.6,Masculino,2
176,51.89,2.37,21,78.5,Masculino,5
177,47.39,1.74,22,87.7,Masculino,3
178,63.0,2.31,16,83.7,Masculino,3
179,73.62,3.19,21,61.7,Femenino,4
180,42.14,1.47,16,65.6,Femenino,2
181,48.36,1.96,20,54.5,Masculino,1
182,61.18,2.23,20,76.0,Femenino,1
183,40.71,1.45,22,78.6,Masculino,1
184,40.92,1.95,20,64.1,Femenino,4
185,59.66,2.01,17,69.7,Femenino,5
186,44.22,1.77,16,76.3,Masculino,2
187,59.2,2.53,22,81.6,Masculino,1
188,55.09,1.91,19,77.1,Femenino,1
189,80.54,3.09,19,68.6,Femenino,6
190,57.91,2.22,20,75.8,Femenino,5
191,34.99,1.18,17,88.0,Masculino,2
192,53.62,1.96,17,73.5,Femenino,3
193,67.2,3.01,22,73.2,Masculino,3
194,30.05,1.04,24,97.1,No binario,2
195,57.46,2.33,21,81.1,Masculino,4
196,71.19,2.79,18,71.0,No binario,2
197,48.21,2.03,18,72.6,Masculino,5
198,64.46,2.54,16,83.8,Masculino,3
199,37.29,1.15,20,97.0,Femenino,4
200,57.95,2.33,23,59.2,Femenino,3
201,61.31,2.51,17,82.3,Masculino,4
202,54.48,1.87,19,74.4,Masculino,3
203,61.64,2.37,24,67.4,Masculino,3
204,53.73,2.42,21,90.5,Masculino,2
205,62.36,2.79,20,56.8,Masculino,1
206,48.1,1.93,24,67.3,Femenino,3
207,66.13,2.55,22,89.4,Masculino,2
208,42.63,2.01,17,70.0,Femenino,6
209,78.24,2.76,17,81.8,Femenino,2
210,64.33,2.13,18,81.4,Masculino,2
211,66.36,2.69,19,64.0,Masculino,2
212,53.65,1.66,19,65.9,Masculino,2
213,45.26,1.87,21,67.9,Femenino,1
214,50.41,2.12,21,78.5,Femenino,3
215,74.88,3.13,19,77.1,Masculino,4
216,62.62,2.34,16,77.7,Masculino,2
217,59.13,2.76,16,82.0,Femenino,2
218,35.73,1.36,18,71.8,Masculino,1
219,50.86,1.64,22,55.3,Masculino,1
220,52.97,2.29,22,68.1,Masculino,2
221,50.05,2.03,18,75.4,Masculino,2
222,42.73,1.45,20,61.6,Masculino,1
223,45.11,1.97,17,78.7,Masculino,5
224,97.38,4.0,19,74.1,Femenino,6
225,57.79,2.14,23,76.0,Masculino,2
226,74.67,2.96,19,80.0,Femenino,4
227,31.2,0.9,19,74.8,Masculino,3
228,90.93,3.56,16,88.2,Masculino,5
229,34.24,1.32,22,96.4,Masculino,2
230,63.87,2.69,17,77.1,Masculino,4
231,53.88,2.2,18,80.8,Femenino,3
232,66.41,2.65,20,55.1,Femenino,4
233,62.54,2.5,23,77.2,Femenino,5
234,71.65,2.67,21,76.5,Masculino,4
235,34.88,1.65,16,82.7,Masculino,1
236,56.18,2.4,17,68.8,Femenino,4
237,52.91,1.67,16,69.4,Femenino,2
238,34.46,1.48,23,81.4,Masculino,3
239,30.17,1.22,22,68.4,Femenino,2
240,41.49,1.34,19,70.2,Masculino,2
241,57.85,2.57,17,80.0,Masculino,1
242,50.23,2.29,23,81.8,Masculino,1
243,74.53,2.72,19,74.7,Masculino,2
244,81.92,2.82,19,78.6,Femenino,4
245,46.52,2.23,23,57.4,Femenino,3
246,53.69,2.04,24,71.5,Femenino,2
247,39.64,1.66,18,54.9,Femenino,1
248,57.87,2.01,18,70.2,Masculino,3
249,54.08,2.38,23,67.4,Femenino,4
250,37.46,1.69,16,63.2,Femenino,3
251,42.15,1.59,19,72.6,Masculino,2
252,70.86,3.07,17,77.7,Femenino,6
253,49.05,1.86,19,71.3,Femenino,3
254,38.26,1.4,19,68.9,Femenino,2
255,75.07,2.99,18,56.6,Masculino,3
256,78.16,3.13,23,56.8,Femenino,3
257,54.68,2.31,22,64.1,Femenino,4
258,76.8,3.07,20,69.1,Masculino,6
259,64.19,2.49,21,81.3,Masculino,2
260,56.0,2.16,22,75.1,Masculino,2
261,30.11,1.56,21,75.2,Femenino,2
262,53.19,2.15,23,71.3,Masculino,3
263,57.53,2.24,20,75.8,No binario,1
264,52.44,1.81,16,54.5,Masculino,3
265,71.84,2.62,22,83.0,Masculino,2
266,50.93,2.24,21,77.0,Masculino,2
267,54.87,2.43,20,61.4,Masculino,3
268,48.06,1.88,18,59.1,Femenino,4
269,53.35,2.18,24,58.9,Masculino,3
270,65.39,2.67,19,81.0,Masculino,6
271,54.58,2.07,24,67.4,Masculino,3
272,66.77,2.79,21,74.8,Femenino,4
273,67.92,2.83,20,55.3,Femenino,1
274,67.18,3.06,19,76.1,Femenino,2
275,77.86,3.12,19,72.1,Masculino,5
276,54.67,2.27,16,68.1,Masculino,3
277,31.22,1.55,16,69.2,Masculino,3
278,34.6,1.35,22,77.2,Femenino,1
279,51.16,2.28,17,79.1,Masculino,5
280,49.6,1.75,24,64.8,Femenino,1
281,34.1,1.52,22,52.9,Masculino,2
282,58.22,2.38,22,94.4,Masculino,2
283,45.56,2.09,18,63.6,Femenino,1
284,59.77,2.07,17,72.1,Femenino,2
285,72.99,2.89,20,77.0,Masculino,3
286,44.34,1.81,18,75.7,Femenino,4
287,56.69,2.65,19,79.8,Femenino,2
288,36.76,1.53,24,86.5,Femenino,3
289,50.39,2.04,16,73.8,Femenino,3
290,63.84,2.2,21,70.1,Masculino,5
291,53.41,2.37,24,88.6,Masculino,3
292,32.93,1.18,20,97.8,Femenino,1
293,54.35,2.13,22,80.6,Masculino,2
294,51.89,2.32,20,75.4,Femenino,2
295,43.59,1.69,17,67.1,Masculino,2
296,56.0,2.5,17,84.9,Masculino,3
297,62.65,2.56,22,66.9,Femenino,3
298,75.99,3.27,19,89.8,Masculino,3
299,46.5,1.84,18,82.8,Femenino,1
300,60.78,2.92,21,76.4,Masculino,4
301,32.72,1.01,22,84.9,Masculino,4
302,53.7,2.25,20,71.0,Masculino,3
303,63.41,2.47,23,63.5,Masculino,6
304,61.34,2.66,21,70.7,Femenino,1
305,47.95,2.07,23,81.3,Masculino,1
306,64.93,2.54,21,76.0,No binario,3
307,39.94,1.61,22,74.1,Femenino,3
308,65.75,2.87,18,76.8,Femenino,3
309,73.09,3.06,20,62.1,Femenino,2
310,54.16,2.12,22,68.3,Masculino,3
311,45.09,1.86,21,85.2,Femenino,2
312,69.74,2.73,17,73.3,Masculino,3
313,60.94,2.88,16,86.5,Femenino,5
314,75.82,3.27,17,75.5,Masculino,4
315,70.6,2.47,18,75.7,Femenino,3
316,45.35,1.76,24,77.3,Femenino,1
317,60.65,2.34,16,74.9,Masculino,2
318,39.87,1.64,17,79.4,Masculino,1
319,23.78,1.0,22,80.1,Femenino,3
320,42.1,1.5,19,73.9,Femenino,2
321,50.7,2.04,24,63.0,Masculino,5
322,39.18,1.9,17,90.2,Femenino,3
323,28.83,1.27,24,75.4,Femenino,3
324,55.1,2.17,19,71.7,Femenino,3
325,58.28,2.2,19,54.0,Masculino,1
326,63.25,2.27,18,76.1,Femenino,1
327,53.5,1.8,17,69.6,Femenino,3
328,49.3,1.88,19,85.0,Masculino,6
329,61.93,2.4,23,86.6,Masculino,2
330,49.93,1.78,23,72.3,Femenino,2
331,50.42,1.98,20,87.8,Femenino,4
332,62.33,2.54,19,75.3,Femenino,5
333,61.97,2.33,16,100.0,Masculino,4
334,48.3,2.03,18,76.6,Femenino,4
335,57.46,2.25,22,71.4,Masculino,4
336,45.06,1.83,24,89.8,Masculino,4
337,48.8,1.82,22,64.8,Femenino,3
338,38.58,1.36,17,69.4,Femenino,3
339,57.67,2.02,19,73.5,Masculino,2
340,65.93,2.52,21,85.6,Femenino,3
341,58.14,2.17,17,80.4,Masculino,3
342,60.59,2.26,17,82.0,Masculino,1
343,38.03,1.55,22,63.7,Femenino,3
344,65.48,2.84,22,66.7,Femenino,2
345,42.97,1.9,18,84.5,Masculino,1
346,62.58,2.15,19,78.4,Masculino,3
347,52.07,2.05,16,73.4,Masculino,2
348,55.43,2.24,21,80.8,Femenino,2
349,61.11,2.64,18,77.6,Femenino,3
350,59.99,2.41,17,84.3,Masculino,2
351,69.72,2.78,17,73.0,Femenino,3
352,47.08,2.05,21,71.8,Masculino,6
353,46.44,1.87,19,79.8,Femenino,1
354,34.75,1.57,23,77.2,Masculino,2
355,46.24,1.76,21,68.4,Masculino,2
356,50.8,2.4,24,69.7,Femenino,1
357,53.81,2.21,21,76.4,Femenino,1
358,75.52,2.99,16,84.2,Femenino,3
359,57.04,2.42,19,82.2,Femenino,3
360,58.81,2.09,16,72.2,Femenino,4
361,50.98,1.91,18,60.8,Masculino,3
362,40.28,1.75,17,87.8,Femenino,2
363,40.6,1.41,22,67.1,Femenino,2
364,67.35,2.71,22,80.5,Masculino,4
365,73.1,2.99,22,78.3,Femenino,6
366,60.08,2.25,16,79.2,Masculino,2
367,60.02,2.22,18,71.4,Masculino,1
368,50.58,1.85,16,75.9,Masculino,1
369,55.24,1.98,24,86.2,Masculino,2
370,29.0,1.41,18,94.5,Femenino,2
371,67.23,2.87,18,50.2,Masculino,5
372,61.09,2.34,17,71.1,Femenino,3
373,48.39,1.7,22,81.8,Femenino,2
374,60.37,2.23,22,84.2,Masculino,3
375,63.33,2.57,23,70.7,Masculino,3
376,54.43,2.05,19,78.1,Femenino,1
377,58.53,2.71,19,61.8,Masculino,6
378,35.17,0.81,21,80.6,Femenino,3
379,48.0,1.64,18,68.5,Femenino,3
380,50.09,1.86,23,88.3,Masculino,4
381,57.25,2.38,21,66.9,Masculino,3
382,36.89,1.96,17,89.9,Masculino,2
383,34.48,1.32,23,72.6,Masculino,4
384,46.9,1.81,19,65.3,Masculino,3
385,44.84,1.6,24,76.2,Femenino,4
386,61.57,2.45,18,87.7,Femenino,2
387,43.2,1.74,22,65.0,Femenino,5
388,60.13,2.5,19,81.4,Masculino,3
389,46.69,1.58,21,71.3,Masculino,5
390,58.31,2.18,16,74.6,Femenino,2
391,69.87,2.85,24,89.3,Femenino,4
392,63.36,2.59,21,64.6,Masculino,4
393,47.37,2.07,19,95.4,Femenino,1
394,47.89,2.02,19,76.5,Masculino,3
395,48.35,1.78,23,63.2,Femenino,2
396,53.75,2.04,18,72.8,Femenino,1
397,56.66,2.14,24,89.2,Femenino,1
398,48.01,1.84,20,78.5,Femenino,1
399,76.82,2.89,17,69.9,Femenino,4
400,41.38,1.59,21,74.6,Masculino,5
401,34.07,1.71,16,72.8,Femenino,2
402,37.49,1.49,18,81.7,Masculino,4
403,27.56,1.13,22,84.3,Masculino,1
404,56.96,2.64,24,75.4,Masculino,3
405,56.89,2.33,24,65.1,Masculino,5
406,55.91,2.38,19,64.7,Masculino,6
407,43.4,1.82,19,70.1,Masculino,6
408,61.29,2.45,24,82.8,Femenino,4
409,48.81,1.72,19,64.4,Masculino,2
410,48.11,1.74,22,97.4,Femenino,2
411,43.11,1.91,23,74.7,Femenino,1
412,42.93,1.62,20,86.1,Femenino,1
413,66.56,2.7,20,84.4,Masculino,1
414,68.48,2.72,23,82.0,Femenino,4
415,69.9,2.81,23,67.1,Masculino,1
416,66.56,2.57,16,82.3,Masculino,3
417,50.16,2.19,20,87.7,Masculino,4
418,69.88,2.49,20,61.3,Masculino,3
419,71.52,2.86,24,71.4,Femenino,3
420,58.15,2.28,20,85.1,Femenino,1
421,56.9,2.61,16,60.7,Masculino,1
422,67.1,2.48,23,71.5,Masculino,3
423,69.1,2.93,20,74.9,Femenino,3
424,48.1,1.65,23,72.5,Masculino,3
425,65.67,2.33,16,73.7,Masculino,1
426,70.11,2.77,17,63.1,Femenino,5
427,63.11,2.4,23,71.2,Femenino,5
428,53.23,2.36,24,85.2,Femenino,3
429,40.12,1.82,16,60.0,Masculino,4
430,55.8,2.12,24,73.8,Femenino,1
431,44.86,1.76,21,79.2,Masculino,2
432,58.68,2.36,19,71.9,Masculino,4
433,38.32,1.48,18,65.4,Femenino,3
434,53.64,2.45,24,68.0,Masculino,2
435,51.59,2.02,18,70.1,Femenino,4
436,27.97,1.07,20,72.7,Masculino,5
437,47.9,2.1,16,83.6,Masculino,2
438,55.46,2.25,23,79.2,Femenino,4
439,69.72,2.52,16,74.3,Masculino,5
440,56.56,2.68,22,84.6,Femenino,2
441,61.58,2.76,24,73.1,Masculino,3
442,53.21,2.22,22,87.8,Femenino,4
443,43.47,1.35,21,89.1,Masculino,3
444,58.36,2.29,20,82.2,Masculino,5
445,63.41,2.5,16,99.4,Femenino,1
446,62.11,2.42,23,72.9,Masculino,4
447,58.78,2.34,23,65.8,Femenino,5
448,43.0,1.8,18,83.6,Masculino,1
449,68.48,2.45,24,85.2,Masculino,3
450,74.56,3.48,16,89.9,Femenino,3
451,60.52,2.76,21,71.6,Femenino,1
452,41.0,1.59,18,75.8,Masculino,1
453,39.28,1.7,24,85.6,Masculino,1
454,51.69,2.23,19,75.4,Femenino,5
455,57.64,2.34,17,84.6,Masculino,1
456,69.12,2.67,16,70.6,Masculino,5
457,53.67,1.7,23,63.2,Femenino,3
458,42.27,1.56,23,68.0,Femenino,3
459,41.93,1.63,20,63.1,Femenino,3
460,49.87,2.15,20,71.4,Masculino,4
461,63.41,2.77,16,79.0,Femenino,3
462,48.78,1.82,18,60.0,Femenino,2
463,61.53,2.57,20,86.2,Femenino,5
464,75.92,2.9,24,67.0,Masculino,4
465,44.44,1.88,16,63.2,No binario,2
466,72.99,2.95,23,70.9,Masculino,2
467,66.85,2.71,20,81.0,Femenino,2
468,62.94,2.74,20,76.5,Masculino,5
469,76.6,3.21,21,60.5,Masculino,2
470,32.39,1.61,23,70.0,Masculino,3
471,50.43,1.96,18,87.6,Femenino,1
472,55.13,2.6,18,74.2,Femenino,2
473,62.83,2.61,21,92.6,Masculino,4
474,55.15,2.17,22,86.2,Femenino,3
475,41.92,1.4,17,79.8,Masculino,2
476,77.28,2.96,24,84.2,Femenino,5
477,55.15,2.05,17,80.8,Masculino,1
478,73.98,3.02,24,77.2,Masculino,3
479,65.41,2.8,18,68.7,Femenino,4
480,59.15,2.21,16,72.4,Masculino,6
481,19.75,0.91,20,79.7,Masculino,1
482,54.49,2.46,21,54.7,Femenino,3
483,57.79,2.13,20,72.6,Masculino,3
484,42.26,1.88,22,72.7,Masculino,3
485,57.33,1.84,23,77.3,Femenino,3
486,45.3,2.03,16,75.7,Masculino,3
487,61.84,2.77,16,82.8,Femenino,4
488,45.54,2.02,21,80.9,Masculino,3
489,66.38,2.37,19,74.9,Masculino,1
490,51.85,2.28,17,73.7,Masculino,2
491,64.13,2.56,20,84.4,Masculino,3
492,56.15,2.29,23,79.6,Femenino,6
493,53.48,2.23,21,75.8,Masculino,4
494,72.27,2.81,24,71.8,Femenino,6
495,50.47,2.18,24,72.7,Femenino,4
496,53.04,2.09,18,75.8,Masculino,3
497,52.69,2.12,22,71.4,Masculino,5
498,35.98,1.4,22,67.7,Femenino,3
499,61.4,2.41,17,73.4,Femenino,4
500,63.25,2.36,22,81.7,Masculino,3
501,58.55,2.59,21,60.6,Femenino,6
502,76.12,3.12,17,87.3,No binario,2
503,52.19,2.09,21,66.1,Femenino,1
504,54.33,2.0,23,63.1,Masculino,3
505,39.31,1.33,24,71.7,Femenino,4
506,41.75,1.78,24,73.3,Masculino,3
507,60.01,2.39,21,74.9,Masculino,3
508,62.72,2.51,19,62.2,Masculino,3
509,58.39,2.45,24,61.1,Masculino,3
510,43.71,1.78,16,91.5,Masculino,4
511,29.25,1.42,18,68.6,Masculino,3
512,53.93,1.99,24,65.1,Femenino,4
513,73.09,2.92,19,69.2,Masculino,3
514,70.44,2.89,22,74.8,Femenino,6
515,55.12,1.97,21,89.9,Femenino,2
516,57.38,2.7,21,61.6,Masculino,1
517,54.96,2.1,23,72.7,Femenino,3
518,31.49,1.06,22,48.4,Femenino,3
519,57.95,2.23,23,76.8,Masculino,2
520,52.49,1.62,17,78.2,Femenino,3
521,20.85,0.96,24,61.8,Femenino,1
522,57.59,2.24,22,82.6,Femenino,1
523,25.58,1.02,23,73.7,Masculino,3
524,61.92,2.33,17,73.1,Femenino,4
525,52.38,2.33,21,86.4,Masculino,4
526,44.66,1.73,16,82.7,No binario,2
527,44.02,1.55,19,77.4,Masculino,2
528,57.55,2.64,20,86.3,Masculino,3
529,60.87,2.4,18,80.1,Femenino,3
530,73.41,2.86,19,77.1,Masculino,2
531,63.1,2.67,24,85.1,No binario,2
532,66.55,2.65,16,67.0,Masculino,2
533,40.52,1.33,18,89.1,Femenino,3
534,50.32,2.36,19,78.0,Masculino,3
535,53.87,2.35,18,49.0,Femenino,3
536,46.04,1.71,22,74.9,Masculino,2
537,51.23,2.21,16,67.1,Masculino,3
538,68.75,2.9,22,72.8,Femenino,2
539,64.21,2.47,21,89.1,Femenino,3
540,72.68,2.89,20,77.6,Masculino,4
541,55.57,2.3,20,99.1,Femenino,2
542,45.1,1.79,16,68.8,Femenino,2
543,63.39,2.61,16,74.7,Femenino,5
544,64.56,2.14,21,78.2,Femenino,3
545,56.96,2.01,24,85.7,Masculino,4
546,78.44,3.24,17,76.3,Femenino,3
547,69.72,2.96,18,83.6,Femenino,2
548,55.2,2.03,21,64.3,Masculino,2
549,57.9,2.66,20,80.2,Masculino,3
550,67.18,2.57,21,96.4,Femenino,2
551,74.56,3.21,16,82.8,Masculino,6
552,68.97,3.08,21,76.3,Femenino,3
553,36.38,1.46,23,74.9,Masculino,4
554,21.36,0.62,20,88.6,Femenino,1
555,53.28,2.25,16,75.8,No binario,3
556,59.19,2.18,19,82.4,Masculino,5
557,35.8,1.1,19,72.8,Masculino,3
558,67.58,2.71,20,75.0,Masculino,3
559,51.78,2.38,24,73.1,Femenino,3
560,53.37,2.27,22,70.8,Masculino,3
561,45.7,1.92,24,76.3,Femenino,3
562,42.77,1.8,16,86.2,Masculino,3
563,59.11,2.05,21,68.0,Masculino,2
564,57.21,1.91,19,79.8,Femenino,4
565,49.42,1.9,23,82.2,Masculino,2
566,46.23,1.92,21,92.9,Femenino,2
567,61.25,2.61,16,71.9,Masculino,3
568,58.37,2.59,20,50.3,Masculino,2
569,38.53,1.38,20,65.0,Femenino,3
570,55.53,2.02,20,88.1,Masculino,3
571,28.27,0.88,19,69.6,Masculino,2
572,56.38,2.03,20,71.9,Masculino,2
573,56.17,2.19,21,57.7,Masculino,2
574,57.09,2.35,16,81.2,Masculino,3
575,27.97,0.83,16,73.5,Masculino,1
576,28.45,1.08,16,59.6,Masculino,4
577,37.33,1.58,19,84.7,Masculino,1
578,60.7,2.3,21,70.0,Femenino,6
579,33.17,1.38,17,65.4,Masculino,1
580,35.29,1.37,17,72.4,Femenino,2
581,68.12,3.04,20,80.5,Masculino,6
582,27.91,1.06,20,72.4,Masculino,2
583,77.26,3.0,17,59.8,Masculino,3
584,65.53,2.43,23,69.6,Masculino,3
585,67.0,2.68,22,90.9,Masculino,4
586,59.23,2.25,17,72.5,Femenino,2
587,49.78,1.96,24,67.1,Masculino,3
588,55.55,2.49,19,95.4,No binario,3
589,60.38,2.04,21,74.3,Masculino,5
590,73.35,3.02,17,79.4,Femenino,1
591,56.38,2.2,18,72.0,Masculino,3
592,55.7,2.23,19,83.7,Femenino,3
593,47.45,1.78,16,75.5,Masculino,3
594,66.26,2.44,23,66.0,Masculino,5
595,65.12,2.64,16,86.0,Masculino,3
596,42.16,1.74,19,79.3,Femenino,4
597,69.06,2.56,24,75.7,Masculino,2
598,42.03,1.47,16,76.4,Masculino,2
599,49.19,1.89,21,72.8,Femenino,3
600,48.54,2.02,24,74.5,Masculino,3
601,59.05,2.25,23,72.8,Masculino,3
602,66.31,2.57,21,70.3,Femenino,1
603,49.84,2.13,17,55.5,Masculino,2
604,52.77,2.33,16,84.0,Femenino,2
605,72.72,2.86,24,61.3,Masculino,6
606,84.89,3.3,23,73.4,Femenino,3
607,81.83,2.86,18,90.0,Masculino,3
608,61.12,2.66,20,76.4,Femenino,3
609,34.25,1.43,16,62.0,Masculino,2
610,31.91,1.2,24,76.2,Masculino,1
611,59.2,2.26,18,76.4,Masculino,4
612,22.29,0.62,21,64.9,Femenino,2
613,56.73,2.67,23,88.7,Femenino,2
614,45.25,1.83,22,73.4,Masculino,3
615,63.71,2.44,22,83.7,Femenino,4
616,57.01,2.48,22,79.4,Masculino,3
617,70.69,2.77,18,84.1,Femenino,6
618,42.31,1.54,18,84.7,Femenino,3
619,61.8,2.14,24,99.0,Femenino,1
620,34.19,1.64,22,80.1,Femenino,2
621,41.93,1.96,21,57.0,Masculino,3
622,49.75,1.71,17,81.2,Masculino,3
623,75.64,3.23,23,68.6,Masculino,2
624,43.63,1.37,16,65.8,Masculino,3
625,40.84,1.84,20,38.8,Masculino,2
626,100.0,4.0,22,73.6,Femenino,5
627,31.69,1.16,20,81.2,Masculino,5
628,33.97,1.37,24,80.6,Femenino,4
629,59.08,2.66,16,65.6,Femenino,4
630,51.25,1.88,18,71.0,Femenino,3
631,69.05,3.28,22,77.3,Masculino,2
632,44.29,2.07,16,69.6,Masculino,1
633,64.81,2.4,22,97.8,Masculino,4
634,56.52,2.29,23,70.8,Masculino,1
635,48.25,1.83,23,81.2,Femenino,2
636,45.05,1.94,23,77.8,No binario,3
637,71.67,2.74,19,83.5,Masculino,4
638,67.2,2.71,24,69.3,Masculino,6
639,45.67,2.25,17,66.8,Femenino,2
640,53.97,2.01,20,78.9,Masculino,1
641,68.46,2.99,20,71.7,Femenino,2
642,40.87,1.32,17,84.3,Masculino,1
643,81.88,3.55,24,79.2,Masculino,3
644,78.3,3.07,19,72.5,Femenino,3
645,53.26,2.03,24,80.2,Femenino,1
646,71.79,2.74,21,64.5,Masculino,6
647,56.69,2.24,24,78.5,Masculino,6
648,59.81,2.87,21,78.5,Masculino,4
649,66.56,2.78,23,69.7,Femenino,6
650,79.43,3.01,24,71.2,Masculino,5
651,53.34,2.24,16,97.1,Femenino,2
652,46.36,1.63,19,81.9,Masculino,3
653,53.09,2.34,21,75.3,Femenino,1
654,49.79,2.26,21,74.7,Masculino,3
655,42.51,1.66,23,85.4,Masculino,1
656,68.61,2.7,18,64.5,Femenino,2
657,71.44,3.05,17,85.7,Masculino,3
658,74.36,2.73,18,79.3,Femenino,6
659,47.18,1.93,16,78.6,Femenino,2
660,40.59,1.78,22,87.2,Femenino,4
661,32.65,1.13,20,65.6,Femenino,3
662,50.89,2.0,22,50.6,Masculino,4
663,49.88,1.87,21,73.7,Masculino,3
664,38.37,1.32,17,53.2,Masculino,1
665,47.94,2.05,19,71.5,Masculino,6
666,54.3,1.84,17,74.1,Masculino,3
667,68.71,2.63,22,68.8,Femenino,3
668,28.47,0.92,16,76.4,Masculino,1
669,51.62,1.9,17,69.0,Femenino,3
670,54.48,2.32,20,76.6,Masculino,1
671,79.42,3.24,17,81.4,Femenino,4
672,70.45,2.95,18,76.7,Masculino,4
673,58.82,2.68,18,79.0,Femenino,4
674,38.15,1.67,22,64.3,Femenino,1
675,56.46,2.31,17,87.6,Femenino,3
676,77.62,3.45,21,77.2,Femenino,4
677,29.17,1.26,23,69.8,Femenino,5
678,44.95,1.99,19,70.9,Masculino,1
679,69.04,3.04,24,72.1,Femenino,3
680,50.94,2.06,19,59.1,Masculino,1
681,62.71,2.5,23,78.9,Femenino,4
682,53.65,2.4,22,83.2,Masculino,1
683,43.59,1.53,17,87.1,Masculino,3
684,61.24,2.13,22,81.9,Femenino,2
685,62.11,2.57,20,81.3,Femenino,6
686,51.93,2.13,22,65.4,Femenino,1
687,52.5,2.37,20,76.2,Femenino,6
688,57.3,2.13,22,92.1,Masculino,1
689,40.72,1.62,18,72.9,Masculino,2
690,54.12,2.25,23,69.0,Masculino,3
691,55.19,2.3,17,70.2,Masculino,1
692,55.64,2.09,16,68.8,Femenino,4
693,61.14,2.91,21,100.0,Masculino,1
694,54.72,2.0,16,87.3,Masculino,4
695,53.6,2.24,21,70.2,Masculino,3
696,27.02,1.03,23,69.3,No binario,1
697,31.55,1.19,17,73.4,Masculino,1
698,46.69,1.99,24,87.6,Masculino,1
699,57.81,1.98,16,79.3,Masculino,6
700,65.37,2.52,17,76.5,Femenino,5
701,52.85,2.45,23,72.9,Femenino,1
702,67.74,2.38,16,71.2,Masculino,2
703,54.22,2.32,21,58.3,Femenino,1
704,63.41,2.38,21,77.5,Femenino,3
705,57.23,2.64,20,71.7,Masculino,2
706,57.74,2.42,20,82.8,Femenino,3
707,41.75,1.7,17,71.0,Femenino,2
708,56.06,2.07,23,63.7,Masculino,5
709,53.53,2.14,18,53.5,Femenino,5
710,25.4,1.1,23,58.4,Masculino,1
711,38.76,1.84,19,75.3,Femenino,2
712,62.26,2.44,22,53.9,Masculino,3
713,59.65,2.49,23,66.4,Masculino,3
714,53.63,1.83,19,80.1,Masculino,4
715,52.01,2.19,20,64.3,Masculino,3
716,37.05,1.73,20,63.3,No binario,1
717,53.31,2.18,21,69.5,Femenino,1
718,55.98,2.26,16,79.1,Femenino,3
719,60.22,2.29,20,74.2,Masculino,4
720,56.36,2.36,24,69.1,Masculino,3
721,57.5,2.14,18,80.8,Femenino,2
722,41.32,1.7,17,79.9,Femenino,3
723,44.18,1.93,18,72.4,Femenino,3
724,54.92,1.72,23,85.9,Masculino,2
725,70.23,2.71,17,74.1,Femenino,3
726,33.88,1.19,17,78.6,Femenino,2
727,51.28,1.92,16,62.8,Masculino,1
728,58.59,2.29,16,90.7,Femenino,4
729,54.07,2.36,16,80.2,No binario,2
730,68.62,2.88,22,74.2,Femenino,5
731,45.73,1.82,18,83.2,Femenino,1
732,43.43,1.91,19,69.7,Masculino,2
733,62.76,2.12,18,75.5,Masculino,6
734,60.23,2.17,17,80.6,Masculino,1
735,58.09,2.38,17,84.3,Masculino,5
736,47.09,2.05,19,90.1,Masculino,1
737,67.95,2.74,17,84.0,Femenino,3
738,54.44,1.8,23,63.7,Femenino,4
739,45.34,1.42,23,60.3,Masculino,2
740,42.71,2.06,23,60.5,Masculino,1
741,62.32,2.57,17,69.9,Masculino,2
742,44.79,1.67,24,63.6,Femenino,2
743,52.1,2.22,18,85.7,Femenino,4
744,37.07,1.44,18,63.4,Femenino,5
745,65.39,2.99,16,91.0,Masculino,2
746,60.76,2.04,22,67.2,Femenino,4
747,65.92,2.32,22,76.2,Femenino,2
748,57.99,2.36,18,58.7,Masculino,2
749,30.11,1.04,19,86.8,Masculino,2
750,35.37,1.4,22,75.2,Femenino,3
751,48.6,1.93,23,81.2,Masculino,1
752,63.32,2.24,20,96.9,Femenino,2
753,80.41,3.06,18,84.7,Femenino,5
754,44.09,1.38,23,82.6,Masculino,2
755,71.32,2.72,24,77.8,Masculino,4
756,46.21,1.97,21,88.6,Femenino,2
757,55.5,2.32,24,76.7,Masculino,2
758,47.86,1.94,23,79.3,Femenino,3
759,50.34,1.86,24,73.4,Masculino,6
760,58.08,2.56,21,59.2,Femenino,3
761,51.51,2.25,16,57.3,Femenino,1
762,33.16,1.32,23,70.1,Masculino,1
763,57.34,2.35,18,74.6,Femenino,3
764,83.99,3.39,20,66.5,Masculino,6
765,73.5,2.99,21,66.3,No binario,3
766,40.2,1.4,17,64.5,Femenino,4
767,34.5,1.07,16,87.0,Masculino,3
768,66.4,2.81,23,73.5,Femenino,1
769,50.86,2.57,20,62.6,Femenino,4
770,42.73,1.49,23,62.3,Masculino,1
771,40.18,1.81,16,75.5,Masculino,5
772,77.1,3.04,19,68.5,Femenino,3
773,53.68,2.03,20,66.6,Femenino,2
774,38.25,1.37,21,58.3,Femenino,4
775,64.91,2.66,20,74.1,Masculino,2
776,60.19,2.44,18,54.3,Masculino,6
777,33.73,1.73,23,86.7,Masculino,1
778,50.71,2.31,17,71.5,Femenino,2
779,32.33,1.48,19,68.8,Femenino,3
780,61.17,2.47,23,81.4,Masculino,5
781,67.71,2.59,21,72.5,Masculino,4
782,56.25,2.41,23,61.8,Masculino,1
783,64.62,2.56,22,77.1,Masculino,4
784,55.2,2.28,19,72.4,Masculino,2
785,61.51,2.36,22,74.9,Femenino,4
786,43.09,1.74,22,63.1,Masculino,1
787,48.67,2.34,19,75.8,Masculino,1
788,58.37,2.26,24,74.8,Masculino,3
789,50.79,2.26,16,74.8,Masculino,4
790,43.94,1.71,17,73.7,Femenino,5
791,60.45,2.28,24,74.6,Femenino,3
792,49.46,2.2,18,82.0,Femenino,1
793,55.6,2.26,24,77.3,Femenino,3
794,42.97,1.64,20,84.2,Femenino,2
795,40.91,1.62,21,56.6,Masculino,4
796,64.33,2.59,16,79.6,Masculino,3
797,30.77,1.1,20,78.7,Masculino,5
798,55.59,2.38,20,81.8,Femenino,3
799,44.31,1.76,16,64.0,Masculino,4
800,45.26,1.73,17,64.0,No binario,2
801,40.79,1.51,22,66.2,Masculino,5
802,50.11,2.29,22,61.3,Femenino,2
803,57.1,2.44,19,70.8,Femenino,4
804,75.66,2.76,16,90.9,Masculino,3
805,39.61,1.54,24,67.0,Femenino,6
806,43.28,1.7,20,79.7,Masculino,2
807,51.29,2.38,20,80.5,Masculino,4
808,49.37,1.76,19,69.8,Masculino,2
809,41.87,1.7,17,73.3,Femenino,4
810,53.55,2.36,19,67.4,No binario,1
811,65.35,2.37,22,71.6,Masculino,1
812,54.22,2.01,23,100.0,Femenino,5
813,50.46,1.76,19,92.5,Femenino,4
814,68.18,2.79,19,60.3,Femenino,1
815,51.65,2.0,20,75.7,Femenino,6
816,53.86,2.45,21,51.0,Masculino,1
817,41.56,1.75,16,77.0,Masculino,2
818,63.07,2.55,18,65.3,Femenino,3
819,50.02,2.19,16,80.1,Femenino,1
820,77.99,3.39,23,73.0,Masculino,2
821,43.57,1.7,24,85.8,Masculino,5
822,43.45,1.57,20,66.2,Femenino,3
823,28.53,0.8,21,67.8,Femenino,2
824,28.4,1.09,23,87.4,Femenino,1
825,51.36,1.98,22,89.6,Masculino,5
826,54.99,2.16,17,74.9,Femenino,3
827,56.63,2.38,17,82.1,Femenino,2
828,60.28,2.4,20,67.6,Femenino,4
829,45.43,2.19,23,67.6,Masculino,1
830,49.0,1.85,21,68.6,Femenino,2
831,50.23,2.09,16,100.0,Masculino,3
832,46.6,1.95,23,75.3,Femenino,2
833,42.47,1.71,22,70.5,Femenino,4
834,63.06,2.62,16,57.3,Masculino,5
835,48.23,2.1,24,94.4,Masculino,2
836,58.44,2.33,19,77.8,Femenino,2
837,39.13,1.47,22,80.9,Femenino,3
838,54.47,2.32,23,58.3,Femenino,4
839,36.68,1.55,20,85.6,Masculino,1
840,38.9,1.43,24,72.7,Femenino,3
841,32.67,1.37,19,68.9,Femenino,2
842,66.55,2.56,16,81.6,Masculino,3
843,54.54,2.09,22,90.2,Masculino,3
844,35.11,1.31,16,81.9,Femenino,4
845,45.39,1.66,21,72.9,Masculino,3
846,40.26,1.44,19,83.1,Masculino,2
847,59.09,2.2,16,67.2,Masculino,3
848,49.92,2.24,16,73.7,Femenino,4
849,51.84,2.2,19,61.9,Femenino,4
850,46.91,1.61,24,92.4,Masculino,1
851,76.69,3.12,22,71.3,Femenino,3
852,52.25,2.01,20,61.3,Masculino,3
853,57.62,2.08,23,78.7,Femenino,3
854,68.95,2.9,24,86.5,Masculino,3
855,52.7,2.27,17,65.3,Masculino,3
856,49.75,1.81,23,71.4,Masculino,2
857,39.73,1.62,21,72.1,Masculino,5
858,44.71,1.83,21,88.2,Femenino,4
859,98.72,3.93,22,69.6,Femenino,3
860,50.96,1.91,24,100.0,Masculino,5
861,43.67,1.5,21,81.4,Femenino,3
862,41.26,1.44,18,86.0,Masculino,3
863,66.23,2.36,18,65.3,Femenino,2
864,42.76,1.34,20,77.8,Femenino,1
865,59.86,2.17,22,65.2,Femenino,5
866,47.66,1.63,24,75.9,Femenino,3
867,61.25,2.12,20,63.4,Masculino,4
868,62.07,2.5,16,82.9,Femenino,4
869,62.37,2.6,22,65.7,Masculino,3
870,34.26,1.38,21,87.0,Femenino,2
871,76.79,2.62,16,64.1,Masculino,6
872,81.41,3.14,18,76.5,Masculino,2
873,38.6,1.48,23,82.8,Masculino,3
874,40.34,1.46,18,72.4,Femenino,1
875,74.18,2.94,24,76.9,Masculino,5
876,58.73,2.39,23,87.3,Masculino,4
877,60.68,2.05,18,73.2,Femenino,2
878,70.67,2.75,16,83.3,No binario,3
879,34.52,1.65,22,54.3,Femenino,2
880,57.05,2.19,16,80.6,Femenino,4
881,71.25,3.14,24,88.3,Masculino,5
882,51.43,2.05,17,70.6,Femenino,1
883,45.34,1.8,24,60.5,Masculino,1
884,59.0,2.43,16,95.9,Masculino,3
885,62.68,2.76,23,60.7,Masculino,1
886,60.6,2.49,21,60.2,Masculino,2
887,80.07,2.95,17,74.5,Masculino,5
888,63.52,2.08,19,79.8,Femenino,3
889,47.49,1.85,19,89.3,Femenino,2
890,40.71,1.72,16,73.4,Masculino,3
891,67.47,2.73,21,78.0,Femenino,2
892,70.74,2.84,21,81.9,Femenino,6
893,46.32,1.72,21,81.3,Masculino,1
894,42.98,1.5,17,81.3,Masculino,2
895,52.03,2.34,24,76.6,Femenino,2
896,44.54,1.84,22,78.2,Femenino,3
897,42.36,1.62,22,79.2,Masculino,1
898,63.48,2.7,20,65.0,Femenino,3
899,50.11,2.11,18,74.4,Masculino,5
900,44.8,1.94,21,83.6,Masculino,2
901,69.79,2.77,18,61.3,Masculino,3
902,59.69,2.54,19,61.9,Masculino,5
903,68.26,2.62,19,73.8,Femenino,1
904,57.27,2.54,23,70.4,No binario,4
905,44.11,2.0,20,86.2,Femenino,3
906,63.08,2.31,22,75.2,Femenino,3
907,55.06,2.09,24,73.1,Masculino,3
908,55.53,2.24,17,63.0,Masculino,2
909,67.31,2.55,21,57.0,Masculino,3
910,69.72,2.69,21,63.9,Masculino,3
911,82.81,3.21,24,76.8,Femenino,3
912,72.34,3.18,22,88.9,Masculino,4
913,35.94,1.33,24,89.4,Masculino,1
914,39.02,1.52,20,65.9,Femenino,2
915,62.09,2.4,21,70.6,No binario,2
916,44.71,1.87,20,77.9,Masculino,4
917,44.41,1.7,24,71.7,Femenino,5
918,53.89,1.7,16,86.7,Masculino,5
919,42.49,1.74,17,82.4,Masculino,1
920,57.1,2.2,17,71.5,Femenino,3
921,52.28,2.64,16,89.1,Masculino,2
922,35.25,1.33,18,64.0,Femenino,2
923,60.66,2.33,19,77.8,Masculino,2
924,29.54,1.37,24,51.6,Femenino,2
925,57.25,2.61,22,81.0,No binario,1
926,35.89,1.82,17,56.0,Masculino,1
927,62.67,2.31,23,78.6,Masculino,4
928,38.64,1.46,20,55.9,Femenino,3
929,54.17,2.27,22,87.7,Masculino,3
930,12.74,0.66,17,75.1,Masculino,1
931,45.46,1.92,24,64.0,Femenino,1
932,51.47,1.93,16,80.3,Femenino,2
933,43.75,1.73,24,67.1,Masculino,1
934,89.82,3.73,19,50.4,Femenino,6
935,54.52,2.13,17,76.6,No binario,3
936,41.78,1.58,17,85.5,Masculino,2
937,58.02,2.34,22,73.2,Masculino,2
938,71.75,2.99,17,88.7,Masculino,3
939,42.53,1.67,18,81.7,Masculino,2
940,44.28,1.62,20,84.8,Masculino,6
941,55.93,2.18,22,81.2,Femenino,2
942,52.57,2.06,20,82.5,Masculino,3
943,57.27,2.3,21,68.9,Femenino,3
944,58.51,2.23,17,75.2,Femenino,3
945,47.03,1.84,19,82.8,Femenino,4
946,34.58,1.29,22,73.0,Masculino,4
947,75.05,3.07,16,75.2,Masculino,2
948,34.25,1.12,19,63.8,Femenino,1
949,45.1,1.67,24,83.7,Masculino,1
950,57.53,2.46,17,87.5,Masculino,2
951,37.27,1.04,21,61.0,Masculino,1
952,49.57,2.01,22,64.4,Femenino,2
953,53.71,2.17,20,95.9,Femenino,1
954,40.44,1.3,21,65.1,Masculino,5
955,56.7,2.28,21,85.4,Masculino,2
956,42.88,1.29,17,81.1,Femenino,2
957,66.38,3.13,17,96.8,Masculino,4
958,35.42,1.71,18,76.6,Masculino,1
959,41.76,1.95,18,73.3,Masculino,3
960,66.63,2.58,23,63.8,Femenino,6
961,46.9,2.01,17,76.3,Masculino,1
962,64.66,2.89,19,86.7,Femenino,2
963,36.82,1.59,20,73.9,Masculino,4
964,66.85,2.87,20,85.5,Masculino,4
965,54.94,2.39,21,82.3,Femenino,1
966,49.34,2.0,24,86.4,Femenino,4
967,40.16,1.67,22,56.9,Masculino,1
968,60.73,2.54,23,57.1,Masculino,3
969,54.68,1.86,18,87.4,Femenino,3
970,65.49,2.7,22,64.9,Masculino,3
971,39.74,1.55,20,77.1,Femenino,3
972,76.97,3.31,20,70.7,Femenino,4
973,47.73,1.83,22,73.3,Femenino,3
974,70.61,2.8,18,85.9,Masculino,6
975,69.11,2.69,24,82.0,Masculino,3
976,50.32,2.02,22,77.8,Masculino,3
977,57.82,2.5,24,83.6,Masculino,5
978,34.31,1.55,16,62.7,Masculino,2
979,66.26,2.56,16,58.0,Masculino,4
980,54.0,2.47,16,78.6,No binario,1
981,36.44,1.55,17,84.9,No binario,1
982,60.27,2.31,20,59.7,Masculino,3
983,76.08,3.14,23,74.2,Femenino,4
984,82.25,3.33,21,90.3,Femenino,6
985,59.32,1.99,17,85.2,Masculino,2
986,56.27,2.17,18,82.0,Femenino,2
987,52.16,2.12,18,82.3,Femenino,6
988,42.74,1.11,20,62.0,Masculino,2
989,65.62,2.96,22,75.3,Masculino,3
990,60.79,2.37,17,80.2,Femenino,2
991,61.26,2.66,19,76.8,Femenino,2
992,53.59,2.18,18,64.2,Masculino,2
993,36.62,1.5,22,61.4,Masculino,3
994,54.25,1.98,17,81.7,Femenino,5
995,46.77,1.98,19,83.7,Femenino,3
996,68.13,2.69,21,75.1,Femenino,6
997,48.52,1.92,17,85.8,Masculino,1
998,47.25,1.76,22,63.6,Masculino,1
999,69.29,2.65,23,87.0,Femenino,3
1000,74.6,3.24,22,86.1,Femenino,2
1001,67.95,2.92,19,97.2,Masculino,4
1002,56.99,2.4,22,71.2,Femenino,6
1003,52.0,2.08,20,77.7,Femenino,1
1004,63.68,2.51,21,82.4,Femenino,3
1005,24.47,1.27,16,65.5,Masculino,2
1006,48.22,1.79,21,65.4,Masculino,1
1007,53.3,2.17,18,75.8,Masculino,6
1008,41.17,1.55,18,85.3,Masculino,5
1009,57.06,2.34,22,56.5,Femenino,2
1010,52.39,2.41,23,65.5,Femenino,4
1011,92.7,3.47,22,74.6,Femenino,5
1012,48.58,2.11,24,53.7,Masculino,2
1013,72.62,3.05,16,64.8,Masculino,1
1014,78.13,2.98,18,74.6,Masculino,2
1015,43.21,1.87,18,72.8,Masculino,3
1016,41.69,1.77,18,76.1,Masculino,1
1017,58.94,2.44,22,74.3,Femenino,2
1018,56.14,2.25,17,91.4,Masculino,2
1019,38.15,1.54,20,68.4,Femenino,4
1020,63.0,2.62,18,75.6,Masculino,5
1021,60.04,2.26,23,85.5,Masculino,4
1022,77.26,3.26,22,80.1,Femenino,4
1023,64.52,2.42,20,69.5,Masculino,6
1024,54.56,2.61,18,77.1,Masculino,3
1025,39.37,1.47,16,88.2,Femenino,1
1026,32.79,1.52,17,82.3,Femenino,2
1027,67.99,2.43,23,83.3,Masculino,2
1028,32.81,1.03,21,67.7,Femenino,3
1029,65.71,2.49,16,80.2,Masculino,4
1030,42.55,1.56,18,76.6,Femenino,3
1031,44.29,2.02,23,91.1,Masculino,3
1032,50.95,2.08,20,73.3,Femenino,3
1033,60.98,1.99,22,77.9,No binario,2
1034,71.11,2.96,19,56.1,Masculino,2
1035,45.72,2.01,22,77.9,Masculino,2
1036,45.19,1.75,20,81.5,Masculino,5
1037,58.53,1.71,18,72.1,Masculino,3
1038,69.64,2.47,17,63.5,Masculino,3
1039,47.99,1.42,16,73.9,Femenino,3
1040,44.78,1.8,20,69.5,Masculino,3
1041,48.03,1.75,18,85.6,Femenino,4
1042,39.9,1.42,18,64.4,Masculino,1
1043,28.9,1.3,24,73.5,Masculino,1
1044,48.07,1.88,22,84.9,Masculino,3
1045,67.1,2.7,16,73.3,Femenino,1
1046,29.91,1.01,17,66.1,Femenino,1
1047,62.66,2.56,20,69.5,Femenino,4
1048,50.43,1.97,16,71.3,Masculino,3
1049,54.96,2.1,23,74.0,Femenino,2
1050,72.36,2.76,18,71.9,Masculino,4
1051,47.05,1.72,19,88.1,Masculino,1
1052,73.47,2.83,23,91.8,Masculino,3
1053,46.88,1.56,17,61.2,Femenino,1
1054,73.59,3.21,18,80.0,Femenino,3
1055,34.18,1.69,17,89.9,Femenino,1
1056,62.37,2.65,19,69.5,No binario,2
1057,53.55,1.79,23,87.3,Masculino,1
1058,67.98,2.56,18,67.9,Masculino,5
1059,36.32,1.17,24,78.6,Masculino,3
1060,68.46,2.95,18,69.5,Femenino,3
1061,50.42,2.09,23,75.8,Masculino,3
1062,55.07,2.48,22,69.1,Femenino,3
1063,50.47,2.09,22,85.0,Masculino,2
1064,63.59,2.53,19,75.5,Femenino,3
1065,65.52,2.63,17,81.3,Femenino,5
1066,39.37,1.62,21,93.3,Masculino,1
1067,46.63,1.74,16,83.4,Femenino,1
1068,53.4,2.43,24,61.4,Masculino,4
1069,66.18,2.43,16,69.4,Femenino,4
1070,41.56,1.97,23,90.2,No binario,1
1071,47.57,2.07,17,78.9,Femenino,2
1072,60.08,2.53,20,74.5,Masculino,5
1073,48.4,1.98,20,70.6,Femenino,1
1074,61.69,2.5,24,83.9,Masculino,3
1075,63.38,2.54,17,73.9,Femenino,3
1076,52.58,2.1,20,72.7,Masculino,6
1077,67.09,2.53,20,69.2,Masculino,3
1078,61.56,2.5,22,73.2,Femenino,3
1079,48.87,2.16,20,54.3,Femenino,2
1080,34.32,1.53,19,93.5,Femenino,3
1081,59.8,2.43,24,59.7,Femenino,4
1082,49.05,2.24,20,66.3,Masculino,2
1083,73.5,3.48,21,58.4,Femenino,2
1084,32.85,1.34,23,76.4,Femenino,2
1085,57.34,2.32,16,74.6,Femenino,4
1086,53.52,1.98,22,80.7,Masculino,2
1087,62.81,2.81,19,66.5,Femenino,1
1088,46.49,1.76,17,88.4,Femenino,1
1089,65.72,2.44,17,69.8,Masculino,2
1090,49.81,1.93,22,62.1,Femenino,3
1091,50.26,1.84,21,82.2,Femenino,2
1092,74.42,3.13,16,80.7,Femenino,2
1093,27.74,1.28,19,85.7,Femenino,1
1094,45.44,1.91,18,83.3,Masculino,2
1095,38.17,1.49,17,70.5,Femenino,6
1096,58.92,2.13,23,82.4,Masculino,3
1097,69.48,2.61,19,64.2,Femenino,4
1098,72.1,3.12,17,61.0,Masculino,4
1099,42.51,1.55,24,93.2,Femenino,1
1100,42.25,1.34,18,59.4,Femenino,4
1101,48.8,1.81,19,97.5,Masculino,3
1102,31.16,1.1,22,81.1,Femenino,1
1103,45.83,2.16,20,69.9,Masculino,2
1104,74.81,2.89,19,57.0,Masculino,4
1105,49.68,1.9,16,75.8,Femenino,4
1106,50.92,1.61,19,68.3,Masculino,3
1107,47.47,1.94,18,61.3,Masculino,1
1108,63.81,2.71,17,75.8,Masculino,3
1109,50.74,1.98,18,65.3,Femenino,3
1110,68.06,2.75,19,57.8,Femenino,6
1111,49.56,1.89,24,60.5,Femenino,1
1112,54.64,2.35,20,70.1,No binario,3
1113,66.45,3.21,19,75.2,Masculino,1
1114,72.27,2.86,23,61.9,Femenino,3
1115,48.37,1.99,24,59.1,Masculino,3
1116,45.91,1.79,21,80.9,Masculino,3
1117,46.18,1.67,17,89.0,Masculino,3
1118,37.58,1.48,21,66.1,Femenino,4
1119,51.02,2.04,22,86.8,Masculino,1
1120,37.74,1.51,24,65.6,Masculino,4
1121,50.28,1.93,17,94.4,Femenino,2
1122,56.38,2.53,23,71.5,Femenino,4
1123,47.3,1.74,18,84.2,Masculino,2
1124,44.42,1.88,17,66.7,Masculino,2
1125,60.51,2.6,23,80.7,Femenino,4
1126,48.11,1.95,16,77.7,Masculino,1
1127,53.73,2.37,17,69.4,Masculino,1
1128,52.83,2.29,21,76.1,Masculino,1
1129,66.63,2.65,23,63.7,Masculino,3
1130,52.42,2.16,17,75.1,Femenino,4
1131,49.15,1.78,24,83.7,No binario,1
1132,32.27,0.84,17,63.9,Masculino,2
1133,65.98,2.7,19,87.6,Masculino,4
1134,42.71,1.57,18,56.2,Masculino,2
1135,49.14,1.97,20,78.9,Masculino,2
1136,57.32,2.35,21,79.6,Masculino,4
1137,81.93,3.41,24,85.7,Masculino,3
1138,58.71,2.64,22,91.4,Masculino,5
1139,65.39,2.62,18,77.0,Femenino,6
1140,37.55,1.29,22,73.3,Masculino,1
1141,58.85,2.54,19,74.9,Femenino,4
1142,40.12,1.76,22,90.2,No binario,1
1143,48.93,2.2,16,61.6,Masculino,3
1144,41.25,1.29,23,69.8,Femenino,1
1145,42.97,1.66,21,69.0,Femenino,3
1146,68.18,2.47,21,76.7,Femenino,5
1147,67.77,2.87,16,64.5,Masculino,2
1148,26.16,1.1,23,70.7,Femenino,2
1149,61.16,2.64,22,77.3,Femenino,3
1150,40.77,1.73,17,84.0,Femenino,1
1151,66.02,2.63,16,70.7,Masculino,6
1152,55.66,2.29,19,91.3,Masculino,4
1153,63.13,2.55,20,69.3,Masculino,3
1154,60.23,2.29,23,92.3,Masculino,3
1155,47.14,1.93,17,86.6,Femenino,1
1156,53.85,1.98,18,73.7,Masculino,2
1157,70.27,2.89,20,78.5,Femenino,4
1158,62.54,2.53,21,77.2,Masculino,3
1159,59.14,2.52,16,92.3,Femenino,3
1160,39.29,1.36,20,64.7,Masculino,4
1161,58.93,2.16,16,87.8,Masculino,4
1162,51.72,2.08,20,69.8,Femenino,3
1163,56.41,2.13,20,59.9,Masculino,1
1164,57.24,2.12,22,58.8,Femenino,5
1165,53.92,2.31,19,80.9,Masculino,4
1166,35.97,1.65,17,77.5,Masculino,3
1167,71.88,3.13,19,84.1,Masculino,4
1168,57.74,2.12,21,96.1,Femenino,5
1169,57.78,2.25,16,72.3,Femenino,5
1170,44.61,1.78,16,71.4,Femenino,1
1171,56.91,2.01,17,60.7,Femenino,3
1172,52.14,2.04,24,87.6,Femenino,3
1173,54.6,2.32,22,77.5,Masculino,3
1174,58.29,2.01,21,38.6,Femenino,2
1175,46.89,2.16,24,76.1,Masculino,5
1176,55.73,2.47,18,80.3,Masculino,1
1177,45.75,1.91,24,70.7,Femenino,1
1178,39.38,1.87,16,90.2,Femenino,2
1179,66.18,2.77,24,71.4,Femenino,6
1180,44.6,1.98,18,66.7,Femenino,4
1181,40.78,1.51,18,53.5,Masculino,2
1182,65.89,2.52,22,64.2,Masculino,4
1183,62.63,2.05,16,81.1,Masculino,1
1184,47.21,2.15,19,68.2,Masculino,3
1185,44.37,1.39,18,66.3,Masculino,1
1186,57.68,2.53,17,64.3,Femenino,3
1187,44.48,1.82,20,87.6,Masculino,1
1188,53.88,2.05,21,71.0,Masculino,1
1189,41.55,1.54,19,77.3,Masculino,1
1190,46.98,1.81,23,85.6,Femenino,3
1191,42.9,1.42,21,71.2,Masculino,1
1192,67.75,2.8,23,85.2,Femenino,2
1193,64.72,3.18,21,69.4,Masculino,5
1194,63.31,2.35,23,70.8,Masculino,4
1195,77.47,2.99,22,72.3,Masculino,4
1196,45.4,1.8,16,83.1,Femenino,3
1197,70.72,2.35,23,86.9,Femenino,6
1198,62.64,2.82,22,64.7,Masculino,4
1199,23.92,0.66,17,68.8,Masculino,3
1200,67.87,2.69,24,86.2,Masculino,3
1201,41.85,1.75,18,74.5,Masculino,4
1202,47.22,2.04,16,67.0,Femenino,2
1203,45.75,1.79,22,86.5,Femenino,5
1204,58.29,2.28,24,70.5,Femenino,2
1205,62.19,2.61,21,81.9,No binario,3
1206,63.27,2.44,24,77.8,Masculino,5
1207,39.76,1.63,18,63.2,Femenino,2
1208,43.25,1.73,22,66.7,Femenino,2
1209,54.86,2.27,21,66.5,Masculino,2
1210,51.43,2.38,17,80.3,Femenino,2
1211,57.98,2.51,17,77.1,Femenino,3
1212,43.47,1.78,16,68.6,Femenino,1
1213,54.46,2.14,17,65.2,Masculino,3
1214,41.74,1.7,18,70.6,Masculino,1
1215,44.85,1.51,19,76.9,Femenino,3
1216,59.95,2.33,23,88.1,Masculino,4
1217,50.03,1.49,19,61.4,Masculino,4
1218,67.06,2.52,20,66.7,Masculino,1
1219,68.3,2.37,22,76.8,Femenino,6
1220,26.09,1.02,21,74.7,Femenino,1
1221,55.63,2.01,24,62.4,Masculino,3
1222,67.38,2.75,20,91.1,Masculino,5
1223,70.09,2.91,22,86.2,Masculino,2
1224,49.35,2.05,24,68.5,Masculino,3
1225,59.06,1.98,22,79.2,Masculino,2
1226,53.06,2.37,20,76.2,No binario,3
1227,43.93,1.84,16,73.0,Femenino,5
1228,34.78,1.75,20,78.5,Femenino,3
1229,44.06,2.03,19,92.7,Masculino,1
1230,68.18,2.3,16,74.9,Masculino,5
1231,63.33,2.5,20,86.6,Femenino,4
1232,57.27,2.43,22,83.3,Masculino,1
1233,53.45,2.14,20,67.6,Femenino,4
1234,29.67,1.52,17,90.9,Masculino,2
1235,60.42,2.79,19,89.0,Femenino,4
1236,32.69,1.35,18,78.5,Masculino,5
1237,63.63,2.29,21,71.5,Femenino,4
1238,72.02,2.92,20,64.8,Femenino,3
1239,59.97,2.33,16,76.2,Masculino,3
1240,42.21,1.57,22,74.5,Femenino,2
1241,60.49,2.9,21,88.4,Masculino,5
1242,53.04,1.71,24,66.1,Femenino,2
1243,51.01,2.01,24,79.1,Masculino,1
1244,67.37,2.63,17,69.7,Femenino,6
1245,52.82,2.19,21,68.8,No binario,2
1246,53.17,2.18,18,69.6,Femenino,1
1247,60.79,2.7,17,81.4,Masculino,5
1248,33.5,1.44,20,77.6,Femenino,1
1249,41.99,1.87,17,70.4,Masculino,4
1250,53.16,2.1,24,76.8,Masculino,1
1251,64.07,2.12,16,67.6,Femenino,2
1252,42.79,2.18,20,70.1,Masculino,3
1253,51.13,1.9,24,76.6,Femenino,3
1254,35.3,1.54,22,67.9,Femenino,1
1255,58.9,2.45,17,64.6,Femenino,3
1256,53.15,2.18,24,88.1,Masculino,4
1257,32.96,1.41,18,76.6,Masculino,1
1258,54.89,2.31,24,74.8,Femenino,3
1259,49.39,2.13,24,74.4,Masculino,3
1260,52.02,2.04,16,70.5,Femenino,3
1261,59.73,2.44,24,71.9,Masculino,3
1262,58.32,2.33,19,96.3,Masculino,5
1263,51.41,1.83,24,80.5,Femenino,2
1264,32.35,1.08,20,68.0,Masculino,3
1265,72.35,2.85,18,91.6,Masculino,3
1266,62.13,2.48,20,68.5,Masculino,2
1267,70.36,2.74,22,86.4,Femenino,5
1268,49.98,2.13,22,70.7,Masculino,2
1269,20.6,0.85,18,77.9,Masculino,2
1270,62.92,2.84,24,75.4,Femenino,2
1271,67.28,2.78,20,76.6,Femenino,6
1272,62.31,2.23,24,75.1,Masculino,1
1273,47.24,2.15,16,71.2,Masculino,1
1274,58.83,2.27,20,77.0,Masculino,2
1275,66.93,2.79,22,89.7,Femenino,5
1276,52.98,2.16,23,71.3,Masculino,3
1277,61.26,2.31,22,63.2,Masculino,3
1278,71.02,3.24,20,60.3,Masculino,6
1279,71.72,2.74,19,64.3,Femenino,6
1280,25.86,0.82,24,56.9,Masculino,1
1281,56.76,2.49,16,54.2,Femenino,5
1282,47.48,1.99,20,79.9,Femenino,1
1283,56.2,1.95,21,80.7,Femenino,3
1284,64.99,2.88,21,77.8,Femenino,2
1285,28.47,0.87,18,61.4,Masculino,2
1286,48.91,1.63,19,74.3,Masculino,1
1287,49.89,2.09,18,76.4,Masculino,3
1288,52.24,2.39,20,76.3,Femenino,2
1289,59.25,2.64,18,84.9,Masculino,3
1290,68.07,2.71,20,80.0,Masculino,4
1291,59.79,2.39,21,76.5,Masculino,2
1292,28.63,1.19,23,85.8,Femenino,2
1293,53.32,2.28,24,81.3,Masculino,3
1294,54.12,2.33,19,81.2,Femenino,3
1295,50.95,2.26,16,79.4,Masculino,3
1296,46.08,1.61,20,71.5,Masculino,2
1297,61.49,2.29,16,91.3,Masculino,2
1298,41.55,1.6,23,75.9,Femenino,4
1299,60.29,2.24,22,62.3,Femenino,3
1300,49.14,2.32,23,77.5,Masculino,2
1301,42.79,1.46,24,78.2,Masculino,1
1302,26.56,1.05,24,95.5,Femenino,3
1303,49.57,1.92,24,71.2,Masculino,1
1304,54.72,2.15,19,78.5,No binario,3
1305,79.75,2.6,17,83.0,Femenino,6
1306,69.54,2.88,19,79.9,Femenino,4
1307,49.21,2.06,24,82.7,Femenino,3
1308,56.31,2.04,22,77.7,Masculino,1
1309,83.43,3.13,19,82.7,Femenino,5
1310,26.25,0.9,20,55.8,Masculino,3
1311,49.51,2.29,17,89.6,Femenino,2
1312,54.37,2.34,16,76.0,Femenino,2
1313,65.69,2.44,19,68.5,Femenino,1
1314,45.57,1.71,23,85.7,Masculino,2
1315,48.52,2.25,20,75.7,Femenino,2
1316,44.14,1.87,17,63.5,Femenino,2
1317,61.16,1.91,20,76.1,Masculino,3
1318,68.14,2.38,23,80.7,Masculino,3
1319,47.46,1.69,19,62.4,Femenino,2
1320,55.01,2.06,20,62.2,Femenino,4
1321,59.84,2.65,18,78.2,Masculino,3
1322,42.92,1.37,21,67.2,Femenino,3
1323,45.73,2.2,24,77.5,Masculino,4
1324,35.49,1.62,23,65.0,Femenino,1
1325,80.19,3.07,20,68.9,Masculino,5
1326,52.25,2.2,20,66.9,Femenino,2
1327,64.33,2.28,22,78.2,Masculino,4
1328,70.41,2.84,21,73.5,Masculino,4
1329,54.34,2.35,20,67.9,Masculino,4
1330,59.27,2.61,17,93.5,Femenino,4
1331,46.5,1.68,23,77.1,Masculino,1
1332,34.17,1.58,18,68.4,Masculino,2
1333,54.09,2.09,24,69.5,Masculino,2
1334,48.75,2.04,23,66.3,Masculino,3
1335,48.55,1.64,19,86.1,Femenino,2
1336,78.38,2.96,18,63.2,Masculino,6
1337,41.54,1.51,16,72.3,Masculino,1
1338,77.86,3.42,24,85.8,Masculino,2
1339,58.48,2.2,16,65.9,Femenino,1
1340,69.86,2.81,23,63.8,Femenino,5
1341,67.7,2.65,16,77.9,Masculino,3
1342,36.67,1.45,17,85.6,Femenino,3
1343,52.18,2.08,21,65.6,Femenino,4
1344,55.78,2.27,20,70.0,Masculino,4
1345,52.01,2.49,16,80.1,Masculino,5
1346,42.08,1.79,16,74.6,Masculino,3
1347,54.56,2.14,22,73.1,Femenino,5
1348,58.48,2.22,19,69.8,Masculino,1
1349,65.69,2.36,18,78.7,Femenino,4
1350,53.29,2.0,24,57.0,Femenino,2
1351,56.53,2.37,23,98.2,Femenino,3
1352,60.25,2.04,24,66.2,Femenino,2
1353,53.87,2.24,16,84.3,Femenino,6
1354,55.65,2.25,21,66.6,Femenino,3
1355,50.99,1.95,17,80.8,Masculino,1
1356,76.95,2.97,17,66.9,Femenino,5
1357,53.78,2.06,23,86.5,Femenino,1
1358,69.45,2.86,19,85.1,Femenino,4
1359,72.79,2.86,17,70.8,Masculino,2
1360,44.79,1.76,16,80.3,Masculino,2
1361,52.52,2.24,19,68.1,Femenino,1
1362,72.93,2.87,16,81.2,Masculino,3
1363,40.79,1.31,21,83.4,Masculino,6
1364,47.98,2.01,19,64.2,Masculino,3
1365,87.73,3.46,22,60.2,Femenino,6
1366,81.44,3.58,21,80.4,Masculino,4
1367,53.0,2.33,24,61.7,Masculino,3
1368,66.89,2.7,20,62.6,Masculino,3
1369,43.7,1.53,18,67.1,Femenino,1
1370,42.39,1.7,20,68.5,Masculino,4
1371,53.88,2.24,24,79.3,Masculino,3
1372,55.35,2.47,24,84.7,Masculino,3
1373,63.11,2.65,20,79.3,Masculino,3
1374,56.58,2.7,18,72.9,Femenino,4
1375,67.06,3.0,24,75.7,No binario,2
1376,43.6,1.82,23,72.4,Femenino,3
1377,46.24,1.84,24,75.6,Masculino,3
1378,51.04,2.0,22,71.9,Femenino,1
1379,50.34,2.03,16,86.5,Femenino,3
1380,46.35,1.76,21,64.5,Masculino,2
1381,71.75,3.4,16,87.7,Femenino,1
1382,46.8,1.63,20,84.8,Masculino,4
1383,65.31,2.53,17,54.3,Masculino,4
1384,48.72,1.95,22,88.9,Masculino,2
1385,41.77,1.59,20,76.5,Masculino,2
1386,37.72,1.68,21,80.7,Masculino,1
1387,56.96,2.12,16,66.9,Masculino,2
1388,55.15,2.21,19,85.6,Masculino,4
1389,69.18,2.79,20,96.0,Femenino,3
1390,50.57,2.29,18,82.9,Femenino,1
1391,27.6,0.93,22,93.3,Femenino,3
1392,71.07,2.72,16,70.9,Femenino,3
1393,66.93,2.3,19,73.8,Masculino,3
1394,87.04,3.31,22,54.9,Masculino,3
1395,53.31,2.48,24,78.4,Masculino,4
1396,49.18,1.82,17,65.6,Femenino,2
1397,37.96,1.56,22,64.6,Masculino,5
1398,42.45,1.53,23,74.7,Masculino,2
1399,52.33,2.15,22,73.9,Femenino,1
1400,48.71,1.7,24,57.7,Femenino,1
1401,47.1,1.75,17,68.6,Masculino,2
1402,76.72,3.14,16,71.4,Masculino,6
1403,51.54,1.95,23,94.7,Masculino,3
1404,60.65,2.35,16,84.5,Femenino,6
1405,61.86,2.77,18,74.5,Femenino,5
1406,45.69,1.94,21,81.3,Masculino,2
1407,50.28,1.98,20,66.2,Femenino,3
1408,48.18,1.93,23,73.0,Femenino,3
1409,47.82,1.63,16,71.6,Masculino,4
1410,61.93,2.56,23,87.5,Femenino,2
1411,66.49,2.36,19,68.7,Femenino,4
1412,37.24,1.41,22,61.2,Femenino,2
1413,48.7,2.19,16,83.8,Femenino,1
1414,54.01,2.23,17,74.1,No binario,5
1415,77.28,3.03,21,83.2,Masculino,4
1416,52.69,2.15,17,69.4,Masculino,3
1417,52.43,2.06,23,65.4,Masculino,1
1418,64.09,2.64,23,71.0,Femenino,3
1419,69.34,2.7,16,88.5,Femenino,3
1420,47.11,1.92,21,84.9,Masculino,2
1421,60.6,2.47,20,61.5,Masculino,5
1422,41.79,2.13,16,86.6,Femenino,2
1423,50.79,2.36,21,83.3,Masculino,1
1424,64.8,2.39,18,78.1,Masculino,4
1425,74.31,2.75,21,79.5,Femenino,3
1426,63.22,2.7,16,74.7,Masculino,5
1427,45.76,2.51,19,83.9,Masculino,1
1428,41.86,1.97,18,73.8,Femenino,5
1429,50.48,2.39,21,71.6,Femenino,2
1430,70.36,2.51,23,80.1,Masculino,3
1431,37.53,1.59,23,74.5,Femenino,3
1432,51.78,2.24,20,57.5,Masculino,4
1433,61.08,2.79,23,63.1,Femenino,2
1434,37.43,1.26,20,72.8,Femenino,3
1435,63.51,2.6,22,96.7,Masculino,3
1436,60.63,2.26,17,77.2,Masculino,1
1437,73.34,3.18,17,80.9,Masculino,4
1438,63.06,2.72,22,65.7,Femenino,4
1439,64.31,2.47,18,86.4,Masculino,4
1440,83.86,3.37,19,84.1,Masculino,3
1441,68.9,2.81,22,75.3,Femenino,3
1442,53.33,2.17,16,60.9,Masculino,2
1443,53.91,2.32,24,53.1,Masculino,1
1444,38.82,1.58,22,72.0,Masculino,2
1445,77.68,3.09,21,72.3,Femenino,1
1446,46.6,1.93,20,71.0,Masculino,3
1447,60.0,1.93,23,60.4,Masculino,4
1448,78.46,3.1,22,88.1,Masculino,5
1449,53.24,2.2,22,100.0,Masculino,2
1450,80.25,3.66,18,69.2,Femenino,5
1451,38.74,1.47,19,70.8,Masculino,1
1452,78.01,3.46,22,62.6,Masculino,3
1453,62.13,2.48,20,62.6,Masculino,4
1454,73.5,2.79,17,56.5,Femenino,6
1455,49.67,2.01,23,72.5,Masculino,3
1456,79.86,3.26,19,79.1,Masculino,4
1457,79.09,3.77,20,72.7,Masculino,3
1458,26.22,1.28,23,68.0,Femenino,2
1459,57.31,2.52,22,69.2,Femenino,1
1460,68.03,2.17,22,78.1,Femenino,3
1461,58.71,2.16,16,75.3,Femenino,3
1462,49.11,2.16,16,78.3,Masculino,4
1463,60.63,2.47,23,71.4,Masculino,3
1464,68.22,2.44,23,70.7,Femenino,5
1465,38.77,1.64,22,78.7,Masculino,3
1466,52.15,1.82,19,73.9,Masculino,1
1467,55.69,2.47,20,74.4,Masculino,3
1468,50.05,2.28,22,60.9,Femenino,4
1469,43.48,1.82,17,83.4,Masculino,1
1470,51.08,1.88,23,67.0,Masculino,1
1471,69.31,2.61,20,94.4,Femenino,1
1472,49.13,1.61,21,69.5,Masculino,3
1473,21.26,0.65,17,68.8,Masculino,1
1474,54.58,2.04,19,69.4,Masculino,3
1475,54.12,2.42,16,82.2,Femenino,4
1476,62.11,2.58,17,71.8,Masculino,1
1477,50.64,1.98,21,67.6,Femenino,4
1478,65.92,2.72,23,77.4,Masculino,4
1479,66.18,2.72,22,83.0,Masculino,2
1480,44.86,1.7,21,87.4,Femenino,1
1481,53.74,1.8,24,88.0,Masculino,5
1482,65.44,2.66,16,73.9,Masculino,2
1483,39.3,1.14,20,68.0,Masculino,1
1484,56.4,2.0,20,85.2,Masculino,3
1485,49.24,1.64,21,71.9,Femenino,6
1486,40.77,1.63,16,65.5,Femenino,6
1487,62.79,2.49,19,69.1,Femenino,1
1488,45.24,1.96,19,73.9,Femenino,3
1489,34.68,1.59,20,84.4,Masculino,1
1490,70.66,2.56,16,90.7,Femenino,3
1491,44.34,1.76,17,73.9,Masculino,2
1492,53.32,2.04,18,80.6,Masculino,1
1493,82.13,3.12,16,89.8,Masculino,3
1494,48.18,2.04,17,62.4,Masculino,1
1495,57.64,2.39,17,65.9,Femenino,1
1496,32.93,1.44,16,76.8,Masculino,3
1497,44.36,1.82,18,68.0,Femenino,3
1498,49.84,2.1,20,78.9,Femenino,1
1499,42.53,1.51,21,67.0,Femenino,5
1500,49.55,2.05,24,72.1,Femenino,3
